{
  "train_loss": [
    0.33686930980880553,
    0.3361007685024732,
    0.33627591496450776,
    0.33643697734443606,
    0.33533224389144695,
    0.33455154526443864,
    0.3350419373971689,
    0.33373138608049685,
    0.3331303845424796,
    0.33332964574509966,
    0.3334323895292859,
    0.3326088938064479,
    0.3330070660156327,
    0.3326239606895735,
    0.33435962676851816,
    0.33184507607813146,
    0.33155303725067253,
    0.3308345633129629,
    0.3305843786418588,
    0.3299926292686078,
    0.3292475978433335,
    0.3321497081509165,
    0.3325163218026197,
    0.3298368294833589,
    0.3310310126702191
  ],
  "val_loss": [
    0.7046231673037262,
    0.6972137662006815,
    0.7259945560029335,
    0.6930119933736636,
    0.6872428949450103,
    0.7145842358140159,
    0.684455161483235,
    0.7098818932260785,
    0.7238012242844887,
    0.6744521284247308,
    0.750445794651446,
    0.7044897092659949,
    0.7211637177937468,
    0.6814782380817882,
    0.6988979031142575,
    0.7187219786212238,
    0.6929722010969396,
    0.6810682237268214,
    0.7102570417421444,
    0.7068388264184027,
    0.7276143729087092,
    0.7230989822679362,
    0.7126507002343114,
    0.7199185241156181,
    0.7037096265815873
  ],
  "val_acc": [
    0.24748490945674045,
    0.4124748490945674,
    0.24748490945674045,
    0.5311871227364185,
    0.5734406438631791,
    0.386317907444668,
    0.5955734406438632,
    0.41851106639839036,
    0.3460764587525151,
    0.6338028169014085,
    0.3299798792756539,
    0.482897384305835,
    0.43259557344064387,
    0.5593561368209256,
    0.4969818913480885,
    0.448692152917505,
    0.5191146881287726,
    0.5372233400402414,
    0.43661971830985913,
    0.46680080482897385,
    0.4084507042253521,
    0.3963782696177062,
    0.4788732394366197,
    0.448692152917505,
    0.5392354124748491
  ],
  "val_prec": [
    0,
    0.75,
    0,
    0.7357859531772575,
    0.7288135593220338,
    0.7169811320754716,
    0.7356948228882834,
    0.7428571428571429,
    0.7816091954022989,
    0.7474226804123711,
    0.759493670886076,
    0.7510729613733905,
    0.7584269662921348,
    0.7491961414790996,
    0.7440944881889764,
    0.7403846153846154,
    0.7385159010600707,
    0.7465753424657534,
    0.7117117117117117,
    0.729957805907173,
    0.7409638554216867,
    0.7371794871794872,
    0.7699530516431925,
    0.7314814814814815,
    0.7543859649122807
  ],
  "val_recall": [
    0.0,
    0.32887700534759357,
    0.0,
    0.5882352941176471,
    0.6898395721925134,
    0.3048128342245989,
    0.7219251336898396,
    0.34759358288770054,
    0.18181818181818182,
    0.7754010695187166,
    0.16042780748663102,
    0.4679144385026738,
    0.3609625668449198,
    0.6229946524064172,
    0.5053475935828877,
    0.4117647058823529,
    0.5588235294117647,
    0.5828877005347594,
    0.42245989304812837,
    0.4625668449197861,
    0.32887700534759357,
    0.3074866310160428,
    0.4385026737967914,
    0.42245989304812837,
    0.5748663101604278
  ]
}