{
  "train_loss": [
    19.02316124208512,
    16.849939223258726,
    14.575880327532369,
    12.156626362954416,
    12.0414397639613,
    11.022162714312154,
    11.159983019674979,
    10.898457557924333,
    11.065065383911133,
    11.360434962857154,
    10.773574367646248,
    10.722800777804467,
    11.16969225483556,
    10.421752837396436,
    10.400480393440493,
    10.465951642682475,
    10.436315167334772,
    10.556730824132119,
    10.72140742886451,
    10.06000401896815,
    10.088158392137096,
    9.631802343553112,
    10.086524809560467,
    9.925399349581811,
    9.913360872576314,
    9.998082130186019,
    9.687572602302797,
    9.913769491257206,
    9.534066384838473,
    9.540520437302128,
    9.546352463383828,
    9.533612158990675,
    9.41915601299655,
    9.525295411386798,
    9.32172006176364,
    9.350118114102271,
    9.304982877546742,
    9.24680148401568,
    8.907310824240408,
    9.32386835159794,
    9.009162118357997,
    8.882282349371142,
    8.964879497405022,
    9.170989959470687,
    8.896072326167937,
    8.654841684526012,
    9.0044619037259,
    9.200803664422804,
    8.897980228547127,
    8.979804408165716,
    8.580474561260592,
    8.715496970761206,
    8.586448269505654,
    8.194981913412771,
    8.595268710967034,
    8.59129862631521,
    8.637918749163228,
    8.546545551669213,
    8.638286359848514,
    8.305929706942651,
    8.373957018698416,
    8.347202608662267,
    8.849829458421276,
    8.30185927114179,
    8.358676602763515,
    8.618518921636767,
    8.696249192760837,
    8.664107814911873,
    8.828478920844294,
    8.165689253037975,
    8.182064194833078,
    8.677826481480752,
    8.280242243120748,
    8.570157297195927,
    8.12416559650052,
    8.310029137519098
  ],
  "train_error": [
    31.368656281502016,
    27.64348743807885,
    24.051475647957094,
    20.250114994664347,
    19.854799639794134,
    18.04561528851909,
    18.112851512047552,
    17.781730959492346,
    18.074930498676917,
    18.6255372570407,
    17.824117352885583,
    17.54809336508474,
    18.2102848791307,
    17.22054007745558,
    16.988190374066754,
    17.22649601967104,
    17.13856291001843,
    17.26456033029864,
    17.57749016054215,
    16.52362798875378,
    16.63827637703188,
    15.781121130912535,
    16.58446711878623,
    16.43023632418725,
    16.32452767895114,
    16.310274247200258,
    15.865940893850018,
    16.402646095521987,
    15.718512750441029,
    15.80960036862281,
    15.70146086908156,
    15.7843017578125,
    15.466954877299647,
    15.568149628177766,
    15.389132961150139,
    15.396411526587702,
    15.359794955099783,
    15.253486202609155,
    14.741283416748047,
    15.321223597372732,
    14.924949030722342,
    14.661027477633569,
    14.841407775878906,
    15.161475458452779,
    14.705602338237147,
    14.397577378057665,
    14.892451132497479,
    15.146999789822486,
    14.76843027914724,
    14.747202042610414,
    14.215503046589513,
    14.507079185978059,
    14.175714923489478,
    13.629565146661573,
    14.183660261092648,
    14.342544709482501,
    14.277725219726562,
    14.198528474377047,
    14.338218135218467,
    13.795924801980295,
    13.921884752088978,
    13.84129887242471,
    14.610499412782731,
    13.753111008674868,
    13.924601831743795,
    14.271411218950826,
    14.44396621950211,
    14.330561299477854,
    14.62550292476531,
    13.670102334791615,
    13.570090539993778,
    14.282969444028792,
    13.783010482788086,
    14.213724997735792,
    13.626638289420836,
    13.801166365223546
  ],
  "val_loss": [
    25.454054641723634,
    25.563920013427733,
    28.37496548461914,
    29.519957862854003,
    30.501812282562256,
    26.088248500823976,
    30.67854641723633,
    29.94260949707031,
    26.39269455718994,
    29.563636932373047,
    28.77218469619751,
    27.310653537750245,
    30.13444288253784,
    25.557045043945312,
    26.10516244506836,
    28.173341373443602,
    22.419371803283692,
    24.083348602294922,
    26.082058391571046,
    25.669165996551513,
    29.116879096984864,
    29.40253405380249,
    27.621082801818847,
    20.309919033050537,
    23.21661256790161,
    18.572465789794922,
    27.655260223388673,
    14.049409416198731,
    18.317746990203858,
    20.05356181716919,
    28.75707225418091,
    13.666720485687256,
    24.47689045715332,
    10.167803657531739,
    22.21597659301758,
    27.70074521636963,
    17.71368465423584,
    23.448445899963378,
    23.462952674865722,
    12.909545616149902,
    12.910723411560058,
    17.76999796295166,
    16.00624847793579,
    30.745193626403807,
    16.457589241027833,
    9.964089443206786,
    10.325080299377442,
    19.799481491088866,
    27.320183826446534,
    30.146102993011475,
    14.156711124420166,
    12.49966926574707,
    25.883547191619872,
    28.143139724731444,
    28.72253073120117,
    30.927224308013916,
    10.840403732299805,
    27.324104236602782,
    25.775602462768553,
    30.695734886169433,
    30.759312198638916,
    30.907696823120116,
    24.78556573486328,
    27.25015577697754,
    29.281170425415038,
    10.751310852050782,
    15.16109065246582,
    18.149946281433106,
    23.341891494750975,
    11.828475761413575,
    17.545758934020995,
    24.82341502380371,
    26.15123146057129,
    20.019154457092284,
    17.083156547546388,
    28.594891868591308
  ],
  "val_error": [
    41.13713174438477,
    41.53312857055664,
    46.59503741455078,
    48.57153359985352,
    50.04722527313233,
    42.75106511688232,
    50.43583178710937,
    49.242893005371094,
    43.33306660461426,
    48.69557525634766,
    47.45682522583008,
    44.92271044921875,
    49.60396979522705,
    42.10491094207764,
    43.023905548095705,
    46.46709740447998,
    36.975444129943845,
    39.87095550537109,
    43.165075050354005,
    42.39640348815918,
    48.128607093811034,
    48.638544090271,
    45.66544902038574,
    33.68622664642334,
    38.472898162841794,
    30.90482696533203,
    45.76784615325928,
    23.278213287353516,
    30.505463119506835,
    33.37686108398437,
    47.58980151367187,
    22.780381072998047,
    40.61815630340576,
    16.935179512023925,
    36.88836166381836,
    45.8670390548706,
    29.495079498291016,
    38.877345756530765,
    38.90786923217773,
    21.436938400268556,
    21.49307476043701,
    29.48532071685791,
    26.55833073425293,
    50.65720099639893,
    27.260146415710448,
    16.581705856323243,
    17.134316162109375,
    32.66760707092285,
    45.08474029541016,
    49.64971640014648,
    23.518248252868652,
    20.73999243927002,
    42.660559562683105,
    46.381218727111815,
    47.34677980041504,
    50.90496957397461,
    17.90859645843506,
    45.01609506988525,
    42.44923609161377,
    50.50721869659424,
    50.6065224609375,
    50.85065693664551,
    40.858417251586914,
    44.8595078125,
    48.16566747283935,
    17.783778259277344,
    25.047257904052735,
    29.978617980957033,
    38.49908721160889,
    19.640357849121095,
    29.002652992248535,
    40.919139617919924,
    43.09249279785156,
    33.01594032287598,
    28.20929140472412,
    47.07386659240723
  ]
}